Total Return,Total Return (%),Sharpe Ratio,Sortino Ratio,Calmar Ratio,Max Drawdown,Max Drawdown (%),Win Rate (%),Profit Factor,Avg Trade Duration (min),Total Trades,Winning Trades,Losing Trades,Avg Win,Avg Loss
-903.7682116143296,-0.9037682116143296,-9.177139468364913,-30.878368657761552,-68.82272425120728,1723.5524903288024,1.7232752501093012,27.77777777777778,0.8373832715782065,358.2986111111111,144,40,104,116.34725239137325,-53.43902218528134
