Metric,Baseline,XGBoost,LSTM
Total Trades,140.0,27.0,9.0
Win Rate (%),29.28571428571429,22.22222222222222,44.44444444444444
Total Return (%),-0.5407395843231534,-0.4997929460879314,0.17519039576007708
Sharpe Ratio,-5.7202204506393155,-34.42652301334683,30.743908188320173
Sortino Ratio,-19.45340904002373,-98.6085933542849,97.57549882284813
Max Drawdown (%),1.209973707945763,0.5451488258825682,0.14769780096118498
Profit Factor,0.8979651103470793,0.5413323132597706,1.8477356344846418
